X_test,Y_test
-6.0,-3.67854514352238
-5.99,-3.6730166823812245
-5.98,-3.667488221240069
-5.97,-3.661959760098913
-5.96,-3.6564312989577576
-5.95,-3.6509028378166026
-5.94,-3.645374376675447
-5.93,-3.6398459155342913
-5.92,-3.634317454393136
-5.91,-3.6287889932519803
-5.9,-3.623260532110825
-5.89,-3.617732070969669
-5.88,-3.6122036098285135
-5.87,-3.606675148687358
-5.86,-3.6011466875462026
-5.85,-3.5956182264050467
-5.84,-3.5900897652638917
-5.83,-3.584561304122736
-5.82,-3.5790328429815808
-5.81,-3.573504381840425
-5.8,-3.5679759206992694
-5.79,-3.562447459558114
-5.78,-3.5569189984169585
-5.77,-3.5513905372758026
-5.76,-3.545862076134647
-5.75,-3.5403336149934916
-5.74,-3.5348051538523366
-5.73,-3.529276692711181
-5.72,-3.5237482315700253
-5.71,-3.51821977042887
-5.7,-3.5126913092877143
-5.69,-3.507162848146559
-5.68,-3.501634387005403
-5.67,-3.4961059258642475
-5.66,-3.490577464723092
-5.65,-3.485049003581937
-5.64,-3.479520542440781
-5.63,-3.4739920812996257
-5.62,-3.46846362015847
-5.61,-3.4629351590173147
-5.6,-3.457406697876159
-5.59,-3.4518782367350034
-5.58,-3.446349775593848
-5.57,-3.4408213144526925
-5.56,-3.4352928533115366
-5.55,-3.429764392170381
-5.54,-3.424235931029226
-5.53,-3.4187074698880706
-5.52,-3.4131790087469147
-5.51,-3.4076505476057593
-5.5,-3.402122086464604
-5.49,-3.3965936253234483
-5.48,-3.391065164182293
-5.47,-3.385536703041137
-5.46,-3.3800082418999815
-5.45,-3.3744797807588265
-5.44,-3.368951319617671
-5.43,-3.363422858476515
-5.42,-3.3578943973353597
-5.41,-3.352365936194204
-5.4,-3.3468374750530487
-5.39,-3.341309013911893
-5.38,-3.3357805527707374
-5.37,-3.330252091629582
-5.36,-3.3247236304884265
-5.35,-3.3191951693472705
-5.34,-3.3136667082061155
-5.33,-3.30813824706496
-5.32,-3.3026097859238046
-5.31,-3.2970813247826487
-5.3,-3.2915528636414932
-5.29,-3.286024402500338
-5.28,-3.2804959413591823
-5.27,-3.2749674802180264
-5.26,-3.269439019076871
-5.25,-3.263910557935716
-5.24,-3.2583820967945605
-5.23,-3.252853635653405
-5.22,-3.247325174512249
-5.21,-3.2417967133710937
-5.2,-3.236268252229938
-5.19,-3.2307397910887827
-5.18,-3.225211329947627
-5.17,-3.2196828688064714
-5.16,-3.214154407665316
-5.15,-3.208625946524161
-5.14,-3.203097485383005
-5.13,-3.1975690242418495
-5.12,-3.192040563100694
-5.11,-3.1865121019595386
-5.1,-3.1809836408183827
-5.09,-3.1754551796772272
-5.08,-3.1699267185360718
-5.07,-3.1643982573949163
-5.06,-3.1588697962537604
-5.05,-3.153341335112605
-5.04,-3.14781287397145
-5.03,-3.1422844128302945
-5.02,-3.1367559516891386
-5.01,-3.131227490547983
-4.99,-3.120170568265672
-4.98,-3.1146421071245167
-4.97,-3.109113645983361
-4.96,-3.1035851848422054
-4.95,-3.0980567237010503
-4.94,-3.092528262559895
-4.93,-3.086999801418739
-4.92,-3.0814713402775835
-4.91,-3.075942879136428
-4.9,-3.0704144179952726
-4.89,-3.0648859568541167
-4.88,-3.0593574957129612
-4.87,-3.0538290345718058
-4.86,-3.0483005734306503
-4.85,-3.0427721122894944
-4.84,-3.0372436511483394
-4.83,-3.031715190007184
-4.82,-3.0261867288660285
-4.81,-3.0206582677248726
-4.79,-3.0096013454425616
-4.78,-3.004072884301406
-4.77,-2.9985444231602503
-4.76,-2.993015962019095
-4.75,-2.9874875008779394
-4.74,-2.9819590397367843
-4.73,-2.976430578595629
-4.72,-2.970902117454473
-4.71,-2.9653736563133175
-4.7,-2.959845195172162
-4.69,-2.9543167340310066
-4.68,-2.9487882728898507
-4.67,-2.943259811748695
-4.66,-2.9377313506075398
-4.65,-2.9322028894663847
-4.64,-2.926674428325229
-4.63,-2.9211459671840734
-4.62,-2.915617506042918
-4.61,-2.9100890449017625
-4.59,-2.899032122619451
-4.58,-2.8935036614782956
-4.57,-2.88797520033714
-4.56,-2.8824467391959843
-4.55,-2.876918278054829
-4.54,-2.871389816913674
-4.53,-2.8658613557725183
-4.52,-2.8603328946313624
-4.51,-2.854804433490207
-4.5,-2.8492759723490515
-4.49,-2.843747511207896
-4.48,-2.8382190500667406
-4.47,-2.8326905889255847
-4.46,-2.827162127784429
-4.45,-2.821633666643274
-4.44,-2.8161052055021187
-4.43,-2.810576744360963
-4.42,-2.8050482832198074
-4.41,-2.799519822078652
-4.39,-2.7884628997963405
-4.38,-2.782934438655185
-4.37,-2.7774059775140296
-4.36,-2.771877516372874
-4.35,-2.7663490552317183
-4.34,-2.7608205940905632
-4.33,-2.755292132949408
-4.32,-2.7497636718082523
-4.31,-2.7442352106670964
-4.3,-2.738706749525941
-4.29,-2.7331782883847855
-4.28,-2.72764982724363
-4.27,-2.722121366102474
-4.26,-2.7165929049613187
-4.25,-2.7110644438201636
-4.24,-2.705535982679008
-4.23,-2.7000075215378527
-4.22,-2.694479060396697
-4.21,-2.6889505992555414
-4.19,-2.6778936769732304
-4.18,-2.6723652158320745
-4.17,-2.666836754690919
-4.16,-2.6613082935497636
-4.15,-2.6557798324086086
-4.14,-2.6502513712674527
-4.13,-2.6447229101262972
-4.12,-2.6391944489851418
-4.11,-2.6336659878439863
-4.1,-2.6281375267028304
-4.09,-2.622609065561675
-4.08,-2.6170806044205195
-4.07,-2.611552143279364
-4.06,-2.606023682138208
-4.05,-2.6004952209970527
-4.04,-2.5949667598558976
-4.03,-2.589438298714742
-4.02,-2.5839098375735863
-4.01,-2.578381376432431
-3.99,-2.56732445415012
-3.98,-2.5617959930089644
-3.97,-2.556267531867809
-3.96,-2.550739070726653
-3.95,-2.545210609585498
-3.94,-2.539682148444342
-3.93,-2.5341536873031867
-3.92,-2.5286252261620312
-3.91,-2.5230967650208758
-3.9,-2.51756830387972
-3.89,-2.512039842738565
-3.88,-2.506511381597409
-3.87,-2.5009829204562535
-3.86,-2.495454459315098
-3.85,-2.4899259981739426
-3.84,-2.484397537032787
-3.83,-2.4788690758916316
-3.82,-2.4733406147504757
-3.81,-2.4678121536093203
-3.79,-2.4567552313270093
-3.78,-2.451226770185854
-3.77,-2.4456983090446984
-3.76,-2.4401698479035425
-3.75,-2.434641386762387
-3.74,-2.429112925621232
-3.73,-2.423584464480076
-3.72,-2.4180560033389207
-3.71,-2.412527542197765
-3.7,-2.4069990810566098
-3.69,-2.4014706199154543
-3.68,-2.395942158774299
-3.67,-2.390413697633143
-3.66,-2.3848852364919875
-3.65,-2.379356775350832
-3.64,-2.3738283142096765
-3.63,-2.368299853068521
-3.62,-2.3627713919273656
-3.61,-2.35724293078621
-3.6,-2.3517144696450547
-3.59,-2.346186008503899
-3.58,-2.3406575473627433
-3.57,-2.335129086221588
-3.56,-2.3296006250804324
-3.55,-2.3240721639392765
-3.54,-2.318543702798121
-3.53,-2.3130152416569656
-3.52,-2.30748678051581
-3.51,-2.3019583193746547
-3.5,-2.296429858233499
-3.49,-2.2909013970923437
-3.48,-2.2853729359511883
-3.47,-2.279844474810033
-3.46,-2.2743160136688774
-3.45,-2.268787552527722
-3.44,-2.263259091386566
-3.43,-2.2577306302454105
-3.42,-2.252202169104255
-3.41,-2.2466737079630996
-3.39,-2.2356167856807883
-3.38,-2.230088324539633
-3.37,-2.2245598633984773
-3.36,-2.219031402257322
-3.35,-2.2135029411161664
-3.34,-2.207974479975011
-3.33,-2.2024460188338555
-3.32,-2.1969175576927
-3.31,-2.1913890965515446
-3.3,-2.1858606354103887
-3.29,-2.180332174269233
-3.28,-2.1748037131280773
-3.27,-2.1692752519869223
-3.26,-2.1637467908457664
-3.25,-2.158218329704611
-3.24,-2.1526898685634555
-3.23,-2.1471614074223
-3.22,-2.1416329462811445
-3.21,-2.136104485139989
-3.2,-2.1305760239988336
-3.19,-2.125047562857678
-3.18,-2.1195191017165227
-3.17,-2.1139906405753672
-3.16,-2.1084621794342118
-3.15,-2.102933718293056
-3.14,-2.0974052571519004
-3.13,-2.0918767960107445
-3.12,-2.0863483348695895
-3.11,-2.0808198737284336
-3.1,-2.075291412587278
-3.09,-2.0697629514461227
-3.08,-2.064234490304967
-3.07,-2.0587060291638117
-3.06,-2.0531775680226563
-3.05,-2.047649106881501
-3.04,-2.0421206457403454
-3.03,-2.0365921845991894
-3.02,-2.0310637234580344
-3.01,-2.0255352623168785
-2.99,-2.0144783400345676
-2.98,-2.0089498788934117
-2.97,-2.0034214177522567
-2.96,-1.997892956611101
-2.95,-1.9923644954699455
-2.94,-1.9868360343287899
-2.93,-1.9813075731876344
-2.92,-1.975779112046479
-2.91,-1.9702506509053235
-2.9,-1.9647221897641678
-2.89,-1.9591937286230123
-2.88,-1.9536652674818566
-2.87,-1.9481368063407014
-2.86,-1.9426083451995457
-2.85,-1.9370798840583903
-2.84,-1.9315514229172346
-2.83,-1.9260229617760791
-2.82,-1.9204945006349237
-2.81,-1.9149660394937682
-2.79,-1.903909117211457
-2.78,-1.8983806560703014
-2.77,-1.8928521949291461
-2.76,-1.8873237337879905
-2.75,-1.881795272646835
-2.74,-1.8762668115056795
-2.73,-1.8707383503645238
-2.72,-1.8652098892233686
-2.71,-1.859681428082213
-2.7,-1.8541529669410575
-2.69,-1.8486245057999018
-2.68,-1.8430960446587463
-2.67,-1.8375675835175909
-2.66,-1.8320391223764354
-2.65,-1.8265106612352797
-2.64,-1.8209822000941243
-2.63,-1.8154537389529686
-2.62,-1.8099252778118133
-2.61,-1.8043968166706577
-2.6,-1.7988683555295022
-2.59,-1.7933398943883465
-2.58,-1.787811433247191
-2.57,-1.7822829721060356
-2.56,-1.7767545109648801
-2.55,-1.7712260498237244
-2.54,-1.765697588682569
-2.53,-1.7601691275414133
-2.52,-1.754640666400258
-2.51,-1.7491122052591024
-2.5,-1.743583744117947
-2.49,-1.7380552829767915
-2.48,-1.7325268218356358
-2.47,-1.7269983606944805
-2.46,-1.7214698995533249
-2.45,-1.7159414384121694
-2.44,-1.7104129772710137
-2.43,-1.7048845161298583
-2.42,-1.6993560549887028
-2.41,-1.6938275938475473
-2.39,-1.6827706715652362
-2.38,-1.6772422104240805
-2.37,-1.6717137492829253
-2.36,-1.6661852881417696
-2.35,-1.6606568270006141
-2.34,-1.6551283658594584
-2.33,-1.649599904718303
-2.32,-1.6440714435771475
-2.31,-1.638542982435992
-2.3,-1.6330145212948364
-2.29,-1.627486060153681
-2.28,-1.6219575990125252
-2.27,-1.61642913787137
-2.26,-1.6109006767302143
-2.25,-1.6053722155890588
-2.24,-1.5998437544479034
-2.23,-1.5943152933067477
-2.22,-1.5887868321655925
-2.21,-1.5832583710244368
-2.19,-1.5722014487421256
-2.18,-1.5666729876009702
-2.17,-1.5611445264598147
-2.16,-1.5556160653186593
-2.15,-1.5500876041775036
-2.14,-1.5445591430363481
-2.13,-1.5390306818951924
-2.12,-1.5335022207540372
-2.11,-1.5279737596128815
-2.1,-1.522445298471726
-2.09,-1.5169168373305704
-2.08,-1.511388376189415
-2.07,-1.5058599150482594
-2.06,-1.500331453907104
-2.05,-1.4948029927659483
-2.04,-1.4892745316247928
-2.03,-1.4837460704836372
-2.02,-1.478217609342482
-2.01,-1.4726891482013262
-1.99,-1.4616322259190153
-1.98,-1.4561037647778596
-1.97,-1.4505753036367042
-1.96,-1.4450468424955487
-1.95,-1.439518381354393
-1.94,-1.4339899202132376
-1.93,-1.428461459072082
-1.92,-1.4229329979309266
-1.91,-1.417404536789771
-1.9,-1.4118760756486155
-1.89,-1.40634761450746
-1.88,-1.4008191533663044
-1.87,-1.3952906922251491
-1.86,-1.3897622310839934
-1.85,-1.384233769942838
-1.84,-1.3787053088016825
-1.83,-1.3731768476605268
-1.82,-1.3676483865193714
-1.81,-1.362119925378216
-1.79,-1.3510630030959048
-1.78,-1.3455345419547493
-1.77,-1.3400060808135938
-1.76,-1.3344776196724384
-1.75,-1.3289491585312827
-1.74,-1.323420697390127
-1.73,-1.3178922362489716
-1.72,-1.312363775107816
-1.71,-1.3068353139666606
-1.7,-1.3013068528255052
-1.69,-1.2957783916843495
-1.68,-1.290249930543194
-1.67,-1.2847214694020384
-1.66,-1.279193008260883
-1.65,-1.2736645471197274
-1.64,-1.268136085978572
-1.63,-1.2626076248374165
-1.62,-1.257079163696261
-1.61,-1.2515507025551056
-1.59,-1.2404937802727942
-1.58,-1.2349653191316388
-1.57,-1.2294368579904833
-1.56,-1.2239083968493278
-1.55,-1.2183799357081724
-1.54,-1.2128514745670167
-1.53,-1.2073230134258612
-1.52,-1.2017945522847056
-1.51,-1.19626609114355
-1.5,-1.1907376300023946
-1.49,-1.1852091688612392
-1.48,-1.1796807077200837
-1.47,-1.174152246578928
-1.46,-1.1686237854377726
-1.45,-1.1630953242966169
-1.44,-1.1575668631554614
-1.43,-1.152038402014306
-1.42,-1.1465099408731505
-1.41,-1.140981479731995
-1.4,-1.1354530185908394
-1.39,-1.1299245574496837
-1.38,-1.1243960963085282
-1.37,-1.1188676351673728
-1.36,-1.1133391740262173
-1.35,-1.1078107128850618
-1.34,-1.1022822517439064
-1.33,-1.096753790602751
-1.32,-1.0912253294615952
-1.31,-1.0856968683204398
-1.3,-1.080168407179284
-1.29,-1.0746399460381286
-1.28,-1.0691114848969732
-1.27,-1.0635830237558177
-1.26,-1.0580545626146622
-1.25,-1.0525261014735066
-1.24,-1.0469976403323509
-1.23,-1.0414691791911954
-1.22,-1.03594071805004
-1.21,-1.0304122569088845
-1.2,-1.024883795767729
-1.19,-1.0193553346265734
-1.18,-1.013826873485418
-1.17,-1.0082984123442622
-1.16,-1.0027699512031067
-1.15,-0.9972414900619513
-1.14,-0.9917130289207957
-1.13,-0.9861845677796403
-1.12,-0.9806561066384848
-1.11,-0.9751276454973293
-1.1,-0.9695991843561738
-1.09,-0.9640707232150182
-1.08,-0.9585422620738627
-1.07,-0.9530138009327072
-1.06,-0.9474853397915517
-1.05,-0.9419568786503961
-1.04,-0.9364284175092406
-1.03,-0.9308999563680851
-1.02,-0.9253714952269295
-1.01,-0.9198430340857741
-0.99,-0.9087861118034629
-0.98,-0.9032576506623075
-0.97,-0.8977291895211519
-0.96,-0.8922007283799964
-0.95,-0.8866722672388408
-0.94,-0.8811438060976853
-0.93,-0.8756153449565298
-0.92,-0.8700868838153744
-0.91,-0.8645584226742188
-0.9,-0.8590299615330632
-0.89,-0.8535015003919078
-0.88,-0.8479730392507523
-0.87,-0.8424445781095966
-0.86,-0.8369161169684411
-0.85,-0.8313876558272857
-0.84,-0.8258591946861301
-0.83,-0.8203307335449745
-0.82,-0.8148022724038191
-0.81,-0.8092738112626636
-0.79,-0.7982168889803525
-0.78,-0.792688427839197
-0.77,-0.7871599666980414
-0.76,-0.7816315055568859
-0.75,-0.7761030444157304
-0.74,-0.770574583274575
-0.73,-0.7650461221334194
-0.72,-0.7595176609922638
-0.71,-0.7539891998511083
-0.7,-0.7484607387099528
-0.69,-0.7429322775687972
-0.68,-0.7374038164276417
-0.67,-0.7318753552864863
-0.66,-0.7263468941453307
-0.65,-0.7208184330041751
-0.64,-0.7152899718630197
-0.63,-0.7097615107218642
-0.62,-0.7042330495807085
-0.61,-0.6987045884395531
-0.59,-0.687647666157242
-0.58,-0.6821192050160865
-0.57,-0.676590743874931
-0.56,-0.6710622827337756
-0.55,-0.66553382159262
-0.54,-0.6600053604514644
-0.53,-0.654476899310309
-0.52,-0.6489484381691534
-0.51,-0.6434199770279978
-0.5,-0.6378915158868423
-0.49,-0.6323630547456869
-0.48,-0.6268345936045313
-0.47,-0.6213061324633757
-0.46,-0.6157776713222203
-0.45,-0.6102492101810647
-0.44,-0.6047207490399092
-0.43,-0.5991922878987537
-0.42,-0.5936638267575982
-0.41,-0.5881353656164426
-0.39,-0.5770784433341316
-0.38,-0.571549982192976
-0.37,-0.5660215210518206
-0.36,-0.560493059910665
-0.35,-0.5549645987695095
-0.34,-0.549436137628354
-0.33,-0.5439076764871984
-0.32,-0.5383792153460429
-0.31,-0.5328507542048874
-0.3,-0.5273222930637319
-0.29,-0.5217938319225763
-0.28,-0.5162653707814209
-0.27,-0.5107369096402653
-0.26,-0.5052084484991097
-0.25,-0.49967998735795427
-0.24,-0.49415152621679875
-0.23,-0.48862306507564324
-0.22,-0.4830946039344877
-0.21,-0.4775661427933322
-0.2,-0.47203768165217663
-0.19,-0.4665092205110211
-0.18,-0.4609807593698656
-0.17,-0.4554522982287101
-0.16,-0.44992383708755457
-0.15,-0.44439537594639905
-0.14,-0.43886691480524354
-0.13,-0.43333845366408796
-0.12,-0.4278099925229325
-0.11,-0.42228153138177693
-0.1,-0.4167530702406214
-0.09,-0.4112246090994659
-0.08,-0.4056961479583104
-0.07,-0.40016768681715487
-0.06,-0.39463922567599935
-0.05,-0.38911076453484383
-0.04,-0.38358230339368826
-0.03,-0.37805384225253275
-0.02,-0.37252538111137723
-0.01,-0.3669969199702217
0.01,-0.3559399976879107
0.02,-0.35041153654675516
0.03,-0.34488307540559965
0.04,-0.33935461426444413
0.05,-0.33382615312328856
0.06,-0.32829769198213304
0.07,-0.32276923084097753
0.08,-0.317240769699822
0.09,-0.3117123085586665
0.1,-0.306183847417511
0.11,-0.30065538627635546
0.12,-0.2951269251351999
0.13,-0.28959846399404443
0.14,-0.28407000285288886
0.15,-0.27854154171173334
0.16,-0.2730130805705778
0.17,-0.2674846194294223
0.18,-0.2619561582882668
0.19,-0.2564276971471113
0.2,-0.25089923600595576
0.21,-0.24537077486480022
0.22,-0.23984231372364467
0.23,-0.23431385258248916
0.24,-0.22878539144133364
0.25,-0.22325693030017812
0.26,-0.2177284691590226
0.27,-0.21220000801786706
0.28,-0.20667154687671155
0.29,-0.20114308573555603
0.3,-0.19561462459440052
0.31,-0.190086163453245
0.32,-0.18455770231208946
0.33,-0.17902924117093394
0.34,-0.1735007800297784
0.35,-0.1679723188886229
0.36,-0.1624438577474674
0.37,-0.15691539660631185
0.38,-0.15138693546515633
0.39,-0.1458584743240008
0.41,-0.13480155204168978
0.42,-0.12927309090053424
0.43,-0.12374462975937872
0.44,-0.11821616861822318
0.45,-0.11268770747706766
0.46,-0.10715924633591212
0.47,-0.10163078519475666
0.48,-0.09610232405360108
0.49,-0.09057386291244557
0.5,-0.08504540177129005
0.51,-0.07951694063013454
0.52,-0.07398847948897902
0.53,-0.06846001834782345
0.54,-0.06293155720666793
0.55,-0.057403096065512416
0.56,-0.0518746349243569
0.57,-0.04634617378320144
0.58,-0.04081771264204587
0.59,-0.03528925150089035
0.61,-0.024232329218579318
0.62,-0.018703868077423802
0.63,-0.01317540693626823
0.64,-0.007646945795112714
0.65,-0.0021184846539571978
0.66,0.0034099764871983185
0.67,0.008938437628353835
0.68,0.014466898769509406
0.69,0.019995359910664867
0.7,0.025523821051820383
0.71,0.0310522821929759
0.72,0.036580743334131416
0.73,0.04210920447528699
0.74,0.047637665616442504
0.75,0.05316612675759802
0.76,0.058694587898753536
0.77,0.06422304903990905
0.78,0.06975151018106462
0.79,0.07527997132222014
0.81,0.08633689360453117
0.82,0.09186535474568663
0.83,0.0973938158868422
0.84,0.10292227702799772
0.85,0.10845073816915324
0.86,0.11397919931030875
0.87,0.11950766045146427
0.88,0.12503612159261984
0.89,0.13056458273377536
0.9,0.13609304387493087
0.91,0.1416215050160864
0.92,0.14714996615724196
0.93,0.15267842729839742
0.94,0.15820688843955288
0.95,0.16373534958070846
0.96,0.16926381072186403
0.97,0.1747922718630195
0.98,0.18032073300417506
0.99,0.18584919414533052
1.01,0.19690611642764166
1.02,0.20243457756879712
1.03,0.2079630387099527
1.04,0.21349149985110816
1.05,0.21901996099226373
1.06,0.2245484221334193
1.07,0.23007688327457476
1.08,0.23560534441573033
1.09,0.2411338055568858
1.1,0.24666226669804137
1.11,0.25219072783919694
1.12,0.2577191889803524
1.13,0.26324765012150786
1.14,0.2687761112626633
1.15,0.2743045724038189
1.16,0.27983303354497446
1.17,0.2853614946861299
1.18,0.2908899558272855
1.19,0.29641841696844096
1.2,0.30194687810959653
1.21,0.3074753392507521
1.22,0.31300380039190756
1.23,0.31853226153306313
1.24,0.3240607226742186
1.25,0.32958918381537416
1.26,0.33511764495652974
1.27,0.3406461060976852
1.28,0.34617456723884077
1.29,0.35170302837999623
1.3,0.3572314895211518
1.31,0.3627599506623074
1.32,0.36828841180346283
1.33,0.3738168729446184
1.34,0.37934533408577387
1.35,0.38487379522692944
1.36,0.390402256368085
1.37,0.39593071750924047
1.38,0.40145917865039593
1.39,0.4069876397915514
1.4,0.41251610093270696
1.41,0.41804456207386254
1.42,0.423573023215018
1.43,0.42910148435617357
1.44,0.43462994549732903
1.45,0.4401584066384846
1.46,0.4456868677796402
1.47,0.45121532892079563
1.48,0.4567437900619512
1.49,0.46227225120310667
1.5,0.46780071234426224
1.51,0.4733291734854178
1.52,0.47885763462657327
1.53,0.48438609576772884
1.54,0.4899145569088843
1.55,0.4954430180500399
1.56,0.5009714791911954
1.57,0.5064999403323509
1.58,0.5120284014735065
1.59,0.5175568626146619
1.61,0.5286137848969731
1.62,0.5341422460381285
1.63,0.539670707179284
1.64,0.5451991683204395
1.65,0.550727629461595
1.66,0.5562560906027506
1.67,0.5617845517439061
1.68,0.5673130128850616
1.69,0.5728414740262171
1.7,0.5783699351673727
1.71,0.5838983963085282
1.72,0.5894268574496837
1.73,0.5949553185908393
1.74,0.6004837797319947
1.75,0.6060122408731503
1.76,0.6115407020143059
1.77,0.6170691631554613
1.78,0.6225976242966169
1.79,0.6281260854377724
1.81,0.6391830077200835
1.82,0.644711468861239
1.83,0.6502399300023944
1.84,0.6557683911435501
1.85,0.6612968522847056
1.86,0.666825313425861
1.87,0.6723537745670167
1.88,0.677882235708172
1.89,0.6834106968493276
1.9,0.6889391579904831
1.91,0.6944676191316386
1.92,0.6999960802727943
1.93,0.7055245414139497
1.94,0.7110530025551052
1.95,0.7165814636962606
1.96,0.7221099248374163
1.97,0.7276383859785718
1.98,0.7331668471197272
1.99,0.7386953082608829
2.01,0.7497522305431938
2.02,0.7552806916843495
2.03,0.7608091528255048
2.04,0.7663376139666604
2.05,0.7718660751078159
2.06,0.7773945362489716
2.07,0.782922997390127
2.08,0.7884514585312825
2.09,0.793979919672438
2.1,0.7995083808135937
2.11,0.8050368419547491
2.12,0.8105653030959048
2.13,0.81609376423706
2.14,0.8216222253782157
2.15,0.8271506865193712
2.16,0.8326791476605269
2.17,0.8382076088016823
2.18,0.8437360699428378
2.19,0.8492645310839932
2.21,0.8603214533663044
2.22,0.8658499145074601
2.23,0.8713783756486153
2.24,0.876906836789771
2.25,0.8824352979309265
2.26,0.8879637590720819
2.27,0.8934922202132376
2.28,0.8990206813543928
2.29,0.9045491424955485
2.3,0.910077603636704
2.31,0.9156060647778597
2.32,0.9211345259190151
2.33,0.9266629870601706
2.34,0.932191448201326
2.35,0.9377199093424817
2.36,0.9432483704836372
2.37,0.9487768316247929
2.38,0.9543052927659481
2.39,0.9598337539071038
2.41,0.9708906761894149
2.42,0.9764191373305704
2.43,0.9819475984717259
2.44,0.9874760596128813
2.45,0.993004520754037
2.46,0.9985329818951925
2.47,1.0040614430363481
2.48,1.0095899041775034
2.49,1.015118365318659
2.5,1.0206468264598145
2.51,1.02617528760097
2.52,1.0317037487421257
2.53,1.037232209883281
2.54,1.0427606710244366
2.55,1.048289132165592
2.56,1.0538175933067477
2.57,1.0593460544479032
2.58,1.0648745155890587
2.59,1.0704029767302141
2.6,1.0759314378713698
2.61,1.0814598990125253
2.62,1.086988360153681
2.63,1.0925168212948362
2.64,1.0980452824359919
2.65,1.1035737435771473
2.66,1.109102204718303
2.67,1.1146306658594585
2.68,1.120159127000614
2.69,1.1256875881417694
2.7,1.131216049282925
2.71,1.1367445104240805
2.72,1.1422729715652362
2.73,1.1478014327063915
2.74,1.1533298938475471
2.75,1.1588583549887026
2.76,1.164386816129858
2.77,1.1699152772710137
2.78,1.175443738412169
2.79,1.1809721995533247
2.81,1.1920291218356358
2.82,1.1975575829767913
2.83,1.2030860441179467
2.84,1.2086145052591022
2.85,1.2141429664002579
2.86,1.2196714275414133
2.87,1.225199888682569
2.88,1.2307283498237243
2.89,1.23625681096488
2.9,1.2417852721060354
2.91,1.247313733247191
2.92,1.2528421943883465
2.93,1.258370655529502
2.94,1.2638991166706575
2.95,1.2694275778118131
2.96,1.2749560389529686
2.97,1.2804845000941243
2.98,1.2860129612352795
2.99,1.2915414223764352
3.01,1.3025983446587461
3.02,1.3081268057999018
3.03,1.313655266941057
3.04,1.3191837280822127
3.05,1.3247121892233682
3.06,1.3302406503645239
3.07,1.3357691115056793
3.08,1.3412975726468348
3.09,1.3468260337879903
3.1,1.352354494929146
3.11,1.3578829560703014
3.12,1.363411417211457
3.13,1.3689398783526123
3.14,1.374468339493768
3.15,1.3799968006349235
3.16,1.3855252617760792
3.17,1.3910537229172346
3.18,1.39658218405839
3.19,1.4021106451995455
3.2,1.4076391063407012
3.21,1.4131675674818567
3.22,1.4186960286230124
3.23,1.4242244897641676
3.24,1.4297529509053233
3.25,1.4352814120464787
3.26,1.4408098731876342
3.27,1.4463383343287899
3.28,1.4518667954699451
3.29,1.4573952566111008
3.3,1.4629237177522563
3.31,1.468452178893412
3.32,1.4739806400345674
3.33,1.4795091011757229
3.34,1.4850375623168783
3.35,1.490566023458034
3.36,1.4960944845991895
3.37,1.5016229457403452
3.38,1.5071514068815004
3.39,1.512679868022656
3.41,1.5237367903049672
3.42,1.5292652514461227
3.43,1.5347937125872781
3.44,1.5403221737284336
3.45,1.5458506348695893
3.46,1.5513790960107448
3.47,1.5569075571519004
3.48,1.5624360182930557
3.49,1.5679644794342114
3.5,1.5734929405753668
3.51,1.5790214017165223
3.52,1.584549862857678
3.53,1.5900783239988332
3.54,1.5956067851399889
3.55,1.6011352462811443
3.56,1.6066637074223
3.57,1.6121921685634555
3.58,1.617720629704611
3.59,1.6232490908457664
3.6,1.628777551986922
3.61,1.6343060131280776
3.62,1.6398344742692332
3.63,1.6453629354103887
3.64,1.6508913965515442
3.65,1.6564198576926996
3.66,1.661948318833855
3.67,1.6674767799750105
3.68,1.6730052411161664
3.69,1.678533702257322
3.7,1.6840621633984774
3.71,1.6895906245396328
3.72,1.6951190856807883
3.73,1.7006475468219437
3.74,1.7061760079630997
3.75,1.7117044691042547
3.76,1.7172329302454101
3.77,1.722761391386566
3.78,1.7282898525277215
3.79,1.733818313668877
3.81,1.7448752359511879
3.82,1.7504036970923433
3.83,1.7559321582334992
3.84,1.7614606193746547
3.85,1.7669890805158102
3.86,1.7725175416569656
3.87,1.778046002798121
3.88,1.7835744639392765
3.89,1.7891029250804324
3.9,1.7946313862215875
3.91,1.8001598473627434
3.92,1.8056883085038988
3.93,1.8112167696450543
3.94,1.8167452307862098
3.95,1.8222736919273657
3.96,1.8278021530685207
3.97,1.8333306142096766
3.98,1.838859075350832
3.99,1.8443875364919875
4.01,1.8554444587742984
4.02,1.8609729199154539
4.03,1.8665013810566098
4.04,1.8720298421977652
4.05,1.8775583033389203
4.06,1.8830867644800757
4.07,1.8886152256212316
4.08,1.894143686762387
4.09,1.8996721479035426
4.1,1.905200609044698
4.11,1.910729070185854
4.12,1.9162575313270094
4.13,1.9217859924681648
4.14,1.9273144536093203
4.15,1.9328429147504762
4.16,1.9383713758916312
4.17,1.9438998370327867
4.18,1.9494282981739421
4.19,1.954956759315098
4.21,1.966013681597409
4.22,1.9715421427385644
4.23,1.9770706038797203
4.24,1.9825990650208758
4.25,1.9881275261620313
4.26,1.9936559873031863
4.27,1.9991844484443417
4.28,2.0047129095854976
4.29,2.010241370726653
4.3,2.0157698318678086
4.31,2.021298293008964
4.32,2.02682675415012
4.33,2.0323552152912754
4.34,2.037883676432431
4.35,2.043412137573586
4.36,2.0489405987147418
4.37,2.0544690598558972
4.38,2.0599975209970527
4.39,2.065525982138208
4.41,2.0765829044205195
4.42,2.082111365561675
4.43,2.0876398267028304
4.44,2.0931682878439863
4.45,2.098696748985142
4.46,2.104225210126297
4.47,2.1097536712674523
4.48,2.115282132408608
4.49,2.1208105935497636
4.5,2.126339054690919
4.51,2.1318675158320746
4.52,2.13739597697323
4.53,2.142924438114386
4.54,2.1484528992555414
4.55,2.1539813603966964
4.56,2.159509821537852
4.57,2.1650382826790078
4.58,2.1705667438201632
4.59,2.1760952049613187
4.61,2.18715212724363
4.62,2.1926805883847855
4.63,2.198209049525941
4.64,2.2037375106670964
4.65,2.2092659718082523
4.66,2.2147944329494074
4.67,2.220322894090563
4.68,2.2258513552317183
4.69,2.231379816372874
4.7,2.2369082775140297
4.71,2.242436738655185
4.72,2.2479651997963406
4.73,2.2534936609374965
4.74,2.259022122078652
4.75,2.264550583219807
4.76,2.2700790443609624
4.77,2.275607505502118
4.78,2.281135966643274
4.79,2.2866644277844292
4.81,2.29772135006674
4.82,2.303249811207896
4.83,2.3087782723490515
4.84,2.314306733490207
4.85,2.319835194631362
4.86,2.325363655772518
4.87,2.3308921169136734
4.88,2.336420578054829
4.89,2.3419490391959843
4.9,2.34747750033714
4.91,2.3530059614782957
4.92,2.358534422619451
4.93,2.3640628837606066
4.94,2.3695913449017625
4.95,2.375119806042918
4.96,2.380648267184073
4.97,2.3861767283252284
4.98,2.3917051894663843
4.99,2.39723365060754
5.01,2.4082905728898507
5.02,2.413819034031006
5.03,2.419347495172162
5.04,2.4248759563133175
5.05,2.4304044174544726
5.06,2.435932878595628
5.07,2.441461339736784
5.08,2.4469898008779394
5.09,2.452518262019095
5.1,2.4580467231602503
5.11,2.463575184301406
5.12,2.4691036454425617
5.13,2.474632106583717
5.14,2.4801605677248726
5.15,2.4856890288660285
5.16,2.4912174900071835
5.17,2.496745951148339
5.18,2.5022744122894944
5.19,2.5078028734306503
5.2,2.513331334571806
5.21,2.5188597957129613
5.22,2.5243882568541167
5.23,2.5299167179952726
5.24,2.535445179136428
5.25,2.5409736402775835
5.26,2.5465021014187386
5.27,2.552030562559894
5.28,2.55755902370105
5.29,2.5630874848422054
5.3,2.568615945983361
5.31,2.5741444071245163
5.32,2.579672868265672
5.33,2.5852013294068277
5.34,2.590729790547983
5.35,2.596258251689138
5.36,2.601786712830294
5.37,2.6073151739714495
5.38,2.612843635112605
5.39,2.6183720962537604
5.4,2.6239005573949163
5.41,2.629429018536072
5.42,2.6349574796772273
5.43,2.6404859408183827
5.44,2.6460144019595386
5.45,2.651542863100694
5.46,2.657071324241849
5.47,2.6625997853830046
5.48,2.6681282465241605
5.49,2.673656707665316
5.5,2.6791851688064714
5.51,2.684713629947627
5.52,2.6902420910887823
5.53,2.695770552229938
5.54,2.7012990133710937
5.55,2.7068274745122487
5.56,2.712355935653404
5.57,2.71788439679456
5.58,2.7234128579357155
5.59,2.728941319076871
5.6,2.7344697802180264
5.61,2.7399982413591824
5.62,2.745526702500338
5.63,2.7510551636414933
5.64,2.7565836247826487
5.65,2.7621120859238046
5.66,2.7676405470649597
5.67,2.773169008206115
5.68,2.7786974693472706
5.69,2.7842259304884265
5.7,2.789754391629582
5.71,2.7952828527707374
5.72,2.800811313911893
5.73,2.8063397750530488
5.74,2.8118682361942042
5.75,2.8173966973353592
5.76,2.8229251584765147
5.77,2.82845361961767
5.78,2.833982080758826
5.79,2.8395105418999815
5.8,2.845039003041137
5.81,2.8505674641822925
5.82,2.8560959253234484
5.83,2.861624386464604
5.84,2.8671528476057593
5.85,2.8726813087469143
5.86,2.87820976988807
5.87,2.8837382310292257
5.88,2.889266692170381
5.89,2.8947951533115366
5.9,2.9003236144526925
5.91,2.905852075593848
5.92,2.9113805367350034
5.93,2.916908997876159
5.94,2.9224374590173148
5.95,2.9279659201584702
5.96,2.9334943812996253
5.97,2.9390228424407807
5.98,2.9445513035819366
5.99,2.950079764723092
6.0,2.9556082258642475
